day,posts,likes,views
2016-04-22,1,0,0
2016-06-01,1,0,0
2016-06-03,1,0,0
2016-06-09,1,0,0
2016-06-15,1,0,0
2016-06-27,1,0,0
2017-01-12,1,28,6656
2017-01-18,1,7,5468
2017-01-19,1,20,5972
2017-02-08,1,22,3517
2017-02-09,1,33,3671
2017-02-15,1,236,3886
2017-02-17,2,375,7965
2017-02-22,3,11,8168
2017-02-26,1,8,3243
2017-04-05,1,44,5167
2017-04-07,1,10,4689
2017-04-10,1,18,3337
2017-04-11,1,6,2976
2017-04-13,1,13,2942
2017-04-14,1,6,2864
2017-04-18,2,21,5528
2017-04-19,2,11,6233
2017-04-20,2,50,6424
2017-04-21,1,21,3549
2017-04-24,1,14,3235
2017-04-25,1,56,3807
2017-04-26,2,63,7478
2017-04-28,2,40,9312
2017-05-02,1,24,5019
2017-05-15,1,69,6119
2017-05-16,1,122,7392
2017-05-17,1,16,6860
2017-05-18,2,75,16530
2017-05-19,1,137,10496
2017-05-22,1,125,10789
2017-05-25,1,101,12076
2017-05-30,1,34,12199
2017-05-31,1,38,13055
2017-06-08,1,76,12194
2017-06-14,1,19,12142
2017-06-16,1,24,12940
2017-07-04,1,26,7151
2017-07-11,1,14,7286
2017-07-12,1,29,8103
2017-07-13,1,189,97191
2017-07-18,1,17,8213
2017-07-24,1,15,8651
2017-08-08,1,25,7173
2017-08-11,1,30,7233
2017-08-14,1,8,7119
2017-08-16,1,12,7784
2017-08-21,2,46,16076
2017-08-24,1,237,82722
2017-08-25,1,16,8718
2017-08-28,1,11,9341
2017-09-01,1,25,9786
2017-09-05,1,18,9439
2017-09-08,1,35,9814
2017-09-11,1,16,10209
2017-09-18,1,14,8325
2017-09-22,1,11,7952
2017-09-25,1,23,8810
2017-10-02,2,17,15330
2017-10-06,1,12,8764
2017-10-09,1,10,9194
2017-10-16,1,9,8163
2017-10-17,1,13,9174
2017-10-20,1,67,12359
2017-10-23,1,13,9404
2017-10-26,1,18,8738
2017-10-30,1,11,8485
2017-10-31,1,22,11113
2017-11-03,1,13,8223
2017-11-07,1,16,9017
2017-11-08,1,12,8574
2017-11-10,1,12,6938
2017-11-13,1,10,7144
2017-11-14,1,15,7654
2017-11-16,1,368,31881
2017-11-17,1,16,6520
2017-11-20,3,79,25470
2017-11-23,1,14,6942
2017-11-24,3,84,27044
2017-11-27,1,25,11430
2017-11-28,1,45,20841
2017-11-29,1,37,14138
2017-12-04,1,109,16398
2017-12-08,2,182,22618
2017-12-11,2,61,12725
2017-12-12,1,27,6928
2017-12-13,1,22,6252
2017-12-14,1,27,6424
2017-12-15,1,23,6598
2017-12-18,3,94,20623
2017-12-19,1,24,6429
2017-12-20,1,21,6488
2017-12-21,1,34,6967
2017-12-22,1,22,5133
2017-12-25,3,118,23378
2017-12-27,2,58,14080
2017-12-28,1,57,9451
2017-12-29,3,541,62347
2018-01-15,1,16,6912
2018-01-17,1,96,9556
2018-01-18,1,46,8103
2018-01-22,1,22,7249
2018-01-24,1,77,6901
2018-01-26,1,22,5632
2018-01-29,1,24,6864
2018-02-01,1,93,6459
2018-02-02,1,57,9876
2018-02-05,1,21,6334
2018-02-06,1,27,6672
2018-02-07,1,60,6036
2018-02-08,2,44,11318
2018-02-09,1,17,6635
2018-02-12,1,26,8134
2018-02-14,2,22,16187
2018-02-19,1,30,8762
2018-02-26,1,14,7247
2018-02-28,1,22,7634
2018-03-01,1,25,7390
2018-03-05,2,47,12801
2018-03-07,1,22,4840
2018-03-12,1,14,3736
2018-03-13,3,24,7503
2018-03-14,3,55,8688
2018-03-15,2,30,6427
2018-03-16,3,21,9611
2018-03-17,3,51,14397
2018-03-18,2,254,14524
2018-03-19,2,31,7738
2018-03-20,3,67,12920
2018-03-21,2,151,11119
2018-03-22,4,96,13766
2018-03-23,4,312,50857
2018-03-24,2,29,8321
2018-03-25,2,140,12445
2018-03-26,2,18,6733
2018-03-27,3,68,11955
2018-03-28,3,75,16483
2018-03-29,2,46,7476
2018-03-30,4,149,18151
2018-03-31,1,39,4593
2018-04-01,4,117,17255
2018-04-02,3,74,11851
2018-04-03,3,53,12051
2018-04-04,3,82,11312
2018-04-05,3,28,8798
2018-04-06,5,291,61410
2018-04-07,2,74,8920
2018-04-08,2,176,16674
2018-04-09,3,45,11872
2018-04-10,4,47,12785
2018-04-11,3,60,10256
2018-04-12,3,32,8701
2018-04-13,4,119,16166
2018-04-14,2,77,9322
2018-04-15,2,136,12396
2018-04-16,3,54,10986
2018-04-17,4,162,19990
2018-04-18,3,123,16654
2018-04-19,1,14,3533
2018-04-20,5,371,96828
2018-04-21,2,49,8248
2018-04-22,2,74,11383
2018-04-23,3,69,12413
2018-04-24,4,168,61509
2018-04-25,2,40,12593
2018-04-26,3,64,40882
2018-04-27,5,345,85923
2018-04-28,2,63,9387
2018-04-29,2,50,9724
2018-04-30,4,100,15926
2018-05-01,3,136,54104
2018-05-02,3,276,89823
2018-05-03,2,89,8647
2018-05-04,5,237,38581
2018-05-05,2,125,32619
2018-05-06,2,126,12223
2018-05-07,5,49,23004
2018-05-08,5,186,75810
2018-05-09,1,31,4403
2018-05-10,3,140,93086
2018-05-11,4,172,18360
2018-05-12,2,127,36281
2018-05-13,2,98,12884
2018-05-14,4,113,18131
2018-05-15,4,153,37426
2018-05-16,4,52,18050
2018-05-17,2,100,55800
2018-05-18,4,687,86426
2018-05-19,1,78,24234
2018-05-20,1,32,5368
2018-05-21,5,189,81750
2018-05-22,5,230,26555
2018-05-23,6,1077,1846215
2018-05-24,3,291,48979
2018-05-25,4,234,24257
2018-05-26,2,103,14241
2018-05-27,2,65,15052
2018-05-28,4,159,68918
2018-05-29,5,213,32361
2018-05-30,4,104,19739
2018-05-31,3,213,85553
2018-06-01,6,376,92362
2018-06-02,2,214,34959
2018-06-03,2,180,18946
2018-06-04,4,193,83898
2018-06-05,3,131,24146
2018-06-06,4,196,124477
2018-06-07,4,182,26830
2018-06-08,4,371,93251
2018-06-09,3,87,17522
2018-06-10,2,156,18827
2018-06-11,3,71,17053
2018-06-12,3,122,21213
2018-06-13,2,69,61990
2018-06-14,3,237,157318
2018-06-15,4,664,171558
2018-06-16,1,110,69459
2018-06-17,2,115,15276
2018-06-18,4,105,30365
2018-06-19,2,59,12856
2018-06-20,2,45,13828
2018-06-21,3,125,93951
2018-06-22,4,877,101624
2018-06-23,3,145,40508
2018-06-24,2,102,18240
2018-06-25,2,51,14389
2018-06-26,3,170,64583
2018-06-27,2,96,66313
2018-06-28,3,156,23968
2018-06-29,4,392,91023
2018-06-30,2,94,16405
2018-07-01,2,74,16351
2018-07-02,3,178,52253
2018-07-03,3,108,20688
2018-07-04,4,162,30057
2018-07-05,3,153,53783
2018-07-06,4,304,54494
2018-07-07,2,82,19735
2018-07-08,2,127,18427
2018-07-09,4,116,31638
2018-07-10,3,135,85397
2018-07-11,3,447,175581
2018-07-12,4,186,29561
2018-07-13,4,556,93469
2018-07-14,2,73,15275
2018-07-15,2,53,16485
2018-07-16,3,118,25763
2018-07-17,6,137,41646
2018-07-18,4,196,39719
2018-07-19,5,103,30403
2018-07-20,5,196,32447
2018-07-21,2,75,15740
2018-07-22,2,65,15803
2018-07-23,5,192,87940
2018-07-24,5,199,31602
2018-07-25,5,285,110440
2018-07-26,5,231,88130
2018-07-27,5,206,45024
2018-07-28,2,136,41087
2018-07-29,2,151,25545
2018-07-30,5,396,164061
2018-07-31,4,223,61335
2018-08-01,2,81,14562
2018-08-02,4,210,48819
2018-08-03,4,265,32960
2018-08-04,2,76,24352
2018-08-05,2,117,18894
2018-08-06,3,126,20766
2018-08-07,4,169,28555
2018-08-08,3,135,26141
2018-08-09,5,173,28092
2018-08-10,5,273,33077
2018-08-11,2,106,17720
2018-08-12,2,140,18350
2018-08-13,4,75,21484
2018-08-14,4,129,26026
2018-08-15,4,153,22240
2018-08-16,3,64,14426
2018-08-17,5,369,35554
2018-08-18,2,96,15272
2018-08-19,2,96,17507
2018-08-20,4,137,22322
2018-08-21,5,159,28451
2018-08-22,4,164,21095
2018-08-23,4,105,20274
2018-08-24,3,146,17863
2018-08-25,2,74,15067
2018-08-26,2,96,15299
2018-08-27,4,114,20392
2018-08-28,6,166,32493
2018-08-29,4,108,21107
2018-08-30,3,127,17731
2018-08-31,4,193,26541
2018-09-01,2,78,18342
2018-09-02,2,108,19130
2018-09-03,4,252,27836
2018-09-04,4,158,28757
2018-09-05,4,174,25469
2018-09-06,3,246,23943
2018-09-07,4,193,26352
2018-09-08,2,98,17127
2018-09-09,2,125,20300
2018-09-10,5,261,36498
2018-09-11,4,203,31140
2018-09-12,3,153,21910
2018-09-13,2,113,15016
2018-09-14,3,210,25060
2018-09-15,2,103,18623
2018-09-16,2,80,16821
2018-09-17,4,139,27014
2018-09-18,5,214,35651
2018-09-19,3,93,17757
2018-09-20,3,90,20974
2018-09-21,3,147,21050
2018-09-22,2,92,18586
2018-09-23,1,83,9581
2018-09-24,4,118,26201
2018-09-25,4,218,35268
2018-09-26,3,119,21144
2018-09-27,3,189,23784
2018-09-28,3,197,24823
2018-09-29,2,104,20959
2018-09-30,1,67,11371
2018-10-01,4,225,36133
2018-10-02,4,105,29298
2018-10-03,3,171,22235
2018-10-04,3,85,19249
2018-10-05,3,130,22031
2018-10-06,2,78,16564
2018-10-07,1,52,8568
2018-10-08,4,112,25349
2018-10-09,6,140,35416
2018-10-10,5,178,30115
2018-10-11,5,160,27578
2018-10-12,5,205,30495
2018-10-13,2,68,17192
2018-10-14,1,39,6934
2018-10-15,5,132,31351
2018-10-16,4,187,27022
2018-10-17,6,161,34000
2018-10-18,5,73,27021
2018-10-19,5,154,29352
2018-10-20,2,71,16950
2018-10-21,1,23,5984
2018-10-22,6,175,35087
2018-10-23,5,171,32120
2018-10-24,5,154,29154
2018-10-25,5,99,26148
2018-10-26,6,223,38586
2018-10-27,2,65,18340
2018-10-28,1,38,7493
2018-10-29,4,126,25640
2018-10-30,5,215,31623
2018-10-31,6,176,36625
2018-11-01,4,106,21844
2018-11-02,5,242,31074
2018-11-03,3,61,22131
2018-11-04,2,120,14880
2018-11-05,3,101,17948
2018-11-06,6,120,34271
2018-11-07,6,135,31873
2018-11-08,3,69,17582
2018-11-09,7,179,39771
2018-11-10,3,169,25724
2018-11-11,1,38,6596
2018-11-12,6,153,32696
2018-11-13,5,149,30075
2018-11-14,5,92,25403
2018-11-15,5,79,27691
2018-11-16,4,267,33566
2018-11-17,3,177,35436
2018-11-18,1,32,9753
2018-11-19,6,202,38382
2018-11-20,5,159,37093
2018-11-21,6,160,41861
2018-11-22,4,113,28273
2018-11-23,4,237,38310
2018-11-24,2,95,27070
2018-11-25,1,87,12437
2018-11-26,5,188,40246
2018-11-27,4,146,37554
2018-11-28,6,254,46985
2018-11-29,4,129,32034
2018-11-30,8,435,69928
2018-12-01,2,95,28429
2018-12-02,1,124,14254
2018-12-03,5,257,48212
2018-12-04,5,217,49043
2018-12-05,5,217,47079
2018-12-06,6,195,56432
2018-12-07,4,258,44588
2018-12-08,2,230,43372
2018-12-09,1,59,11593
2018-12-10,4,228,42892
2018-12-11,6,229,54289
2018-12-12,5,242,42225
2018-12-13,5,151,42390
2018-12-14,4,234,37071
2018-12-15,3,280,48690
2018-12-16,2,186,25179
2018-12-17,5,133,37622
2018-12-18,4,132,34129
2018-12-19,8,265,52869
2018-12-20,6,188,43610
2018-12-21,5,242,45726
2018-12-22,2,164,36587
2018-12-23,1,123,11525
2018-12-24,3,156,27061
2018-12-25,7,196,55288
2018-12-26,6,245,51639
2018-12-27,6,265,63298
2018-12-28,2,140,22176
2018-12-29,3,135,35529
2018-12-30,1,96,19306
2018-12-31,3,317,45475
2019-01-01,1,126,25860
2019-01-02,2,128,33860
2019-01-03,1,51,13584
2019-01-04,2,183,35318
2019-01-07,2,338,46101
2019-01-08,1,80,23834
2019-01-09,3,133,27550
2019-01-10,3,115,27627
2019-01-11,4,256,40693
2019-01-12,3,182,39032
2019-01-13,1,61,12675
2019-01-14,3,263,27849
2019-01-15,4,146,31334
2019-01-16,5,187,37535
2019-01-17,5,151,40748
2019-01-18,4,261,36647
2019-01-19,3,203,36586
2019-01-20,1,43,12566
2019-01-21,5,194,39123
2019-01-22,5,120,36355
2019-01-23,3,118,25194
2019-01-24,5,161,38402
2019-01-25,7,1436,56740
2019-01-26,2,99,21404
2019-01-27,1,20,7541
2019-01-28,3,81,21438
2019-01-29,4,95,27695
2019-01-30,4,217,35133
2019-01-31,5,112,36370
2019-02-01,5,162,34485
2019-02-02,4,154,37188
2019-02-03,2,60,21296
2019-02-04,4,169,37965
2019-02-05,3,123,25299
2019-02-06,4,125,29024
2019-02-07,6,146,40407
2019-02-08,5,223,41179
2019-02-09,2,87,20477
2019-02-10,3,592,68822
2019-02-11,5,290,48443
2019-02-12,4,108,26232
2019-02-13,3,244,27150
2019-02-14,7,567,57245
2019-02-15,4,182,29618
2019-02-16,5,120,37747
2019-02-17,2,224,24326
2019-02-18,6,233,49154
2019-02-19,3,102,22410
2019-02-20,3,282,33586
2019-02-21,7,369,66773
2019-02-22,6,165,38079
2019-02-23,4,178,35937
2019-02-24,2,328,35107
2019-02-25,6,215,47781
2019-02-26,4,145,31496
2019-02-27,3,182,32035
2019-02-28,5,209,40027
2019-03-01,5,377,74512
2019-03-02,2,154,47967
2019-03-03,3,598,75656
2019-03-04,5,184,40190
2019-03-05,4,188,36930
2019-03-06,5,167,34958
2019-03-07,5,154,38616
2019-03-08,3,169,27805
2019-03-09,4,249,47701
2019-03-10,2,767,89020
2019-03-11,5,205,40229
2019-03-12,6,385,62018
2019-03-13,4,122,26163
2019-03-14,6,381,60913
2019-03-15,7,321,52377
2019-03-16,3,87,26803
2019-03-17,2,546,58576
2019-03-18,5,204,40651
2019-03-19,5,126,42729
2019-03-20,5,724,107707
2019-03-21,4,233,46104
2019-03-22,6,242,50370
2019-03-23,3,142,40886
2019-03-24,2,651,85299
2019-03-25,4,149,36394
2019-03-26,5,122,42114
2019-03-27,4,419,58620
2019-03-28,6,184,45288
2019-03-29,4,222,34820
2019-03-30,3,162,38718
2019-03-31,2,727,63797
2019-04-01,5,225,43475
2019-04-02,3,150,30422
2019-04-03,3,326,48751
2019-04-04,6,510,72337
2019-04-05,6,286,56989
2019-04-06,2,97,27880
2019-04-07,2,1018,84106
2019-04-08,6,421,69130
2019-04-09,3,183,35633
2019-04-10,4,449,60893
2019-04-11,4,138,34627
2019-04-12,3,319,50383
2019-04-13,2,122,36944
2019-04-14,2,430,44329
2019-04-15,5,216,48384
2019-04-16,4,180,40634
2019-04-17,3,372,53649
2019-04-18,5,266,46015
2019-04-19,5,414,57851
2019-04-20,2,194,36474
2019-04-21,2,571,58831
2019-04-22,2,150,24705
2019-04-23,3,96,28988
2019-04-24,4,123,33970
2019-04-25,5,147,37741
2019-04-26,3,241,37762
2019-04-27,3,134,31188
2019-04-28,2,501,53880
2019-04-29,5,190,41830
2019-04-30,4,88,29624
2019-05-01,1,40,8249
2019-05-02,3,129,36053
2019-05-03,2,65,20484
2019-05-04,1,51,14387
2019-05-05,2,357,57295
2019-05-06,3,283,37461
2019-05-07,2,85,21668
2019-05-08,3,223,35851
2019-05-09,1,137,18131
2019-05-11,1,103,25944
2019-05-12,1,304,31173
2019-05-13,4,195,33598
2019-05-14,2,51,16483
2019-05-15,3,187,31214
2019-05-16,4,129,40696
2019-05-17,3,125,31408
2019-05-18,2,93,23882
2019-05-19,2,544,63922
2019-05-20,3,316,117663
2019-05-21,2,56,17227
2019-05-22,4,148,32624
2019-05-23,4,165,47982
2019-05-24,4,172,40127
2019-05-25,2,76,16911
2019-05-26,2,190,36808
2019-05-27,2,350,41551
2019-05-28,2,35,15478
2019-05-29,4,180,30286
2019-05-30,3,201,42550
2019-05-31,5,345,50762
2019-06-01,2,95,21348
2019-06-02,2,940,145400
2019-06-03,2,98,21419
2019-06-04,2,40,16377
2019-06-05,2,405,47614
2019-06-06,3,122,28493
2019-06-07,4,153,33883
2019-06-08,1,41,11720
2019-06-09,2,284,33279
2019-06-10,6,233,56094
2019-06-11,2,32,16283
2019-06-12,2,255,35245
2019-06-13,3,190,41941
2019-06-14,3,171,30544
2019-06-15,1,89,13084
2019-06-16,1,66,8687
2019-06-17,3,215,29018
2019-06-18,2,44,17958
2019-06-19,2,63,19168
2019-06-20,3,114,28984
2019-06-21,2,86,19844
2019-06-22,1,19,9481
2019-06-23,1,66,13380
2019-06-24,2,165,25982
2019-06-25,3,72,24003
2019-06-26,3,141,28219
2019-06-27,3,181,31785
2019-06-28,2,92,22395
2019-06-30,2,74,17619
2019-07-01,2,39,12506
2019-07-02,3,132,26342
2019-07-03,2,140,18384
2019-07-04,3,218,89683
2019-07-05,3,88,23068
2019-07-06,1,148,15704
2019-07-07,1,81,11479
2019-07-08,3,131,23356
2019-07-09,3,187,30324
2019-07-10,4,140,33276
2019-07-11,3,185,27633
2019-07-12,2,109,18867
2019-07-14,1,54,8033
2019-07-15,3,154,24968
2019-07-16,2,47,14221
2019-07-17,2,90,15807
2019-07-18,3,162,26489
2019-07-19,6,175,47989
2019-07-21,1,114,13484
2019-07-22,3,110,22524
2019-07-23,4,89,30610
2019-07-24,2,102,16790
2019-07-25,3,152,27563
2019-07-26,3,69,26302
2019-07-29,2,182,23198
2019-07-30,2,61,14723
2019-07-31,2,81,16112
2019-08-01,4,160,65518
2019-08-02,3,108,27503
2019-08-03,2,65,17618
2019-08-04,1,102,10355
2019-08-05,2,185,24955
2019-08-06,2,66,16105
2019-08-07,3,128,26011
2019-08-08,3,132,25772
2019-08-09,4,110,61327
2019-08-10,2,104,53314
2019-08-11,2,105,27172
2019-08-12,3,113,34852
2019-08-13,4,123,38944
2019-08-14,3,143,64775
2019-08-15,3,327,36868
2019-08-16,4,102,30035
2019-08-17,3,61,22038
2019-08-18,2,193,33129
2019-08-19,2,158,22442
2019-08-20,2,123,16140
2019-08-21,2,93,30950
2019-08-22,3,149,22381
2019-08-23,3,74,28775
2019-08-24,1,97,8494
2019-08-25,1,136,12443
2019-08-26,3,267,35432
2019-08-27,2,114,18725
2019-08-28,2,57,14898
2019-08-29,2,60,16459
2019-08-30,5,122,44914
2019-08-31,1,65,10769
2019-09-01,1,44,10927
2019-09-02,3,124,28283
2019-09-03,2,104,18652
2019-09-04,2,240,30649
2019-09-05,2,63,18071
2019-09-06,2,40,17337
2019-09-07,2,74,18559
2019-09-08,1,136,21039
2019-09-09,3,203,34989
2019-09-10,2,87,23455
2019-09-11,3,129,49209
2019-09-12,2,290,21330
2019-09-13,1,22,11748
2019-09-14,2,115,20055
2019-09-15,2,108,26712
2019-09-16,1,49,13423
2019-09-17,2,79,21647
2019-09-18,2,58,17710
2019-09-19,3,124,28312
2019-09-20,2,159,21010
2019-09-21,4,304,41884
2019-09-22,3,212,34788
2019-09-23,2,124,17604
2019-09-24,2,49,66001
2019-09-25,1,22,14488
2019-09-26,2,72,15762
2019-09-27,2,66,15168
2019-09-28,1,63,10694
2019-09-29,2,70,20697
2019-09-30,3,139,28917
2019-10-01,2,43,21628
2019-10-02,2,170,24199
2019-10-03,2,71,17264
2019-10-04,2,129,22512
2019-10-05,2,156,28196
2019-10-06,2,224,33626
2019-10-07,3,89,29520
2019-10-08,1,316,29538
2019-10-09,2,49,18101
2019-10-10,2,77,22474
2019-10-11,1,100,16324
2019-10-12,1,47,9397
2019-10-13,1,182,25033
2019-10-14,3,329,47128
2019-10-15,3,230,34810
2019-10-16,2,145,24979
2019-10-17,2,126,18872
2019-10-18,2,99,21640
2019-10-19,1,56,11158
2019-10-21,3,109,23750
2019-10-22,3,278,34342
2019-10-23,2,220,23783
2019-10-24,2,203,35405
2019-10-25,2,257,40808
2019-10-26,1,13,7657
2019-10-27,1,43,9534
2019-10-28,3,348,35202
2019-10-29,3,76,24233
2019-10-30,4,224,37285
2019-10-31,3,109,31517
2019-11-01,3,202,35575
2019-11-02,1,14,12856
2019-11-03,1,22,13854
2019-11-04,2,52,18369
2019-11-05,2,73,20796
2019-11-06,2,138,18918
2019-11-07,4,152,40632
2019-11-08,2,132,20476
2019-11-09,1,21,9066
2019-11-10,2,188,134844
2019-11-11,3,174,32060
2019-11-12,2,70,17641
2019-11-13,4,200,47509
2019-11-14,2,79,17821
2019-11-15,2,49,20319
2019-11-16,1,106,12109
2019-11-17,2,67,17154
2019-11-18,3,215,39196
2019-11-19,2,147,23790
2019-11-20,2,122,23399
2019-11-21,3,197,29467
2019-11-22,2,198,25644
2019-11-23,1,56,9210
2019-11-24,1,50,11171
2019-11-25,3,151,35608
2019-11-26,3,277,41476
2019-11-27,2,128,31530
2019-11-28,3,217,46982
2019-11-29,2,63,29789
2019-11-30,2,263,40705
2019-12-01,1,345,46050
2019-12-02,3,350,64811
2019-12-03,2,105,33191
2019-12-04,3,804,86220
2019-12-05,2,331,36614
2019-12-06,3,268,53032
2019-12-07,1,46,23012
2019-12-08,1,206,24323
2019-12-09,3,522,56773
2019-12-10,2,226,41860
2019-12-11,3,194,81303
2019-12-12,2,143,46483
2019-12-13,1,124,28014
2019-12-14,1,115,31977
2019-12-15,1,203,36967
2019-12-16,2,126,33485
2019-12-17,2,157,28549
2019-12-18,2,140,30855
2019-12-19,2,78,30258
2019-12-20,2,116,32133
2019-12-21,1,35,14139
2019-12-22,1,193,36000
2019-12-23,3,152,41272
2019-12-24,3,143,41796
2019-12-25,3,251,49988
2019-12-26,4,158,46333
2019-12-27,1,46,14821
2019-12-28,1,132,28379
2019-12-29,1,59,33099
2019-12-30,3,297,71142
2020-01-02,1,31,20987
2020-01-04,1,101,38248
2020-01-06,2,483,77092
2020-01-08,2,69,35941
2020-01-09,2,157,36635
2020-01-10,2,314,72473
2020-01-11,1,440,67700
2020-01-12,1,84,22865
2020-01-13,2,107,35528
2020-01-14,3,135,66413
2020-01-15,3,338,68631
2020-01-16,2,84,32421
2020-01-17,3,146,51817
2020-01-18,1,212,23570
2020-01-19,1,93,22921
2020-01-20,3,248,49738
2020-01-21,3,80,41756
2020-01-22,3,469,101387
2020-01-23,2,138,27083
2020-01-24,1,24,17191
2020-01-25,1,21,13499
2020-01-26,1,111,30356
2020-01-27,3,208,63681
2020-01-28,2,180,44130
2020-01-29,2,137,42548
2020-01-30,2,122,32946
2020-01-31,2,114,26736
2020-02-01,1,94,20363
2020-02-02,1,105,15984
2020-02-03,3,205,46112
2020-02-04,3,137,46738
2020-02-05,3,218,57390
2020-02-06,3,557,74054
2020-02-07,2,73,30022
2020-02-08,1,122,21768
2020-02-09,2,55,23708
2020-02-10,3,156,55051
2020-02-11,2,655,76237
2020-02-12,3,156,41555
2020-02-13,2,601,69584
2020-02-14,1,218,29754
2020-02-15,1,429,57156
2020-02-16,1,394,28093
2020-02-17,2,117,38915
2020-02-18,3,102,39670
2020-02-19,3,119,35930
2020-02-20,2,195,35259
2020-02-21,2,561,78135
2020-02-22,1,219,39934
2020-02-24,1,24,16527
2020-02-25,3,187,41546
2020-02-26,2,143,47765
2020-02-27,2,123,31780
2020-02-28,2,89,28727
2020-02-29,1,436,37329
2020-03-01,1,130,26302
2020-03-02,2,144,29982
2020-03-03,2,92,31584
2020-03-04,4,150,64310
2020-03-05,2,245,43947
2020-03-06,2,190,31406
2020-03-07,1,85,11176
2020-03-08,1,176,35655
2020-03-09,2,99,30667
2020-03-10,2,84,25356
2020-03-11,2,92,30273
2020-03-12,2,179,38260
2020-03-13,3,156,61423
2020-03-14,1,31,14770
2020-03-15,1,281,41646
2020-03-16,2,74,30372
2020-03-17,3,438,55048
2020-03-18,2,104,39940
2020-03-19,3,87,39317
2020-03-20,2,105,26250
2020-03-21,1,31,13974
2020-03-22,1,199,34387
2020-03-23,2,460,45249
2020-03-24,2,292,58236
2020-03-25,3,202,60076
2020-03-26,1,48,19825
2020-03-27,1,387,43490
2020-03-28,2,562,70775
2020-03-29,1,94,18813
2020-03-30,2,144,29376
2020-03-31,3,182,50594
2020-04-01,3,119,43408
2020-04-02,2,123,40840
2020-04-03,2,46,32245
2020-04-04,1,35,20177
2020-04-05,1,218,35991
2020-04-06,1,63,16687
2020-04-07,3,385,58997
2020-04-08,1,56,18113
2020-04-09,2,463,60014
2020-04-10,1,45,21256
2020-04-11,1,152,20067
2020-04-12,1,149,27391
2020-04-13,2,159,38560
2020-04-14,4,320,70960
2020-04-15,3,293,74268
2020-04-16,2,300,53798
2020-04-17,2,76,45877
2020-04-18,1,137,28808
2020-04-19,1,112,27531
2020-04-20,2,107,36756
2020-04-21,3,253,61450
2020-04-22,2,414,59065
2020-04-23,1,80,24082
2020-04-24,1,114,24384
2020-04-25,1,158,35216
2020-04-26,1,106,25024
2020-04-27,2,145,49303
2020-04-28,1,86,23259
2020-04-29,1,121,26198
2020-04-30,1,59,20806
2020-05-01,1,123,28170
2020-05-02,1,220,33951
2020-05-03,1,151,35575
2020-05-04,2,234,50645
2020-05-05,1,142,26307
2020-05-06,1,940,71609
2020-05-07,1,48,21032
2020-05-08,1,52,18404
2020-05-09,1,169,21748
2020-05-10,1,221,27236
2020-05-11,3,161,56946
2020-05-12,1,140,28427
2020-05-13,2,1095,122203
2020-05-14,1,146,29681
2020-05-15,2,205,48862
2020-05-16,1,75,25530
2020-05-17,1,62,32466
2020-05-18,2,115,49663
2020-05-19,1,32,22110
2020-05-20,1,57,27260
2020-05-21,1,158,33792
2020-05-22,1,53,29782
2020-05-23,1,162,32923
2020-05-24,1,86,22283
2020-05-25,2,101,43824
2020-05-26,1,259,36417
2020-05-27,2,295,51694
2020-05-28,1,45,34886
2020-05-29,1,87,23917
2020-05-30,1,75,23674
2020-05-31,1,261,33891
2020-06-01,3,185,61473
2020-06-02,2,137,43640
2020-06-03,2,59,44148
2020-06-04,2,128,52241
2020-06-05,2,108,48645
2020-06-06,1,129,27258
2020-06-07,1,272,40423
2020-06-08,3,182,70674
2020-06-09,1,36,23424
2020-06-10,1,157,31066
2020-06-11,2,222,50115
2020-06-12,2,113,43715
2020-06-13,1,64,23424
2020-06-14,1,63,23688
2020-06-15,3,481,79300
2020-06-16,1,31,19727
2020-06-17,2,68,38652
2020-06-18,3,345,64228
2020-06-19,3,144,61718
2020-06-20,1,126,24914
2020-06-21,2,222,57383
2020-06-22,2,110,46537
2020-06-23,2,201,46272
2020-06-24,2,140,42670
2020-06-25,2,217,47244
2020-06-26,3,199,65930
2020-06-27,1,42,26126
2020-06-28,1,309,40514
2020-06-29,3,164,63118
2020-06-30,3,192,61414
2020-07-01,2,177,45664
2020-07-02,2,231,49871
2020-07-03,1,87,29650
2020-07-04,1,131,28508
2020-07-05,1,379,37298
2020-07-06,3,258,63572
2020-07-07,3,265,61911
2020-07-08,2,320,55190
2020-07-09,2,171,43656
2020-07-10,2,301,54031
2020-07-11,1,79,23749
2020-07-12,1,111,25431
2020-07-13,3,249,62971
2020-07-14,2,91,39971
2020-07-15,3,151,56270
2020-07-16,2,66,38634
2020-07-17,2,237,48558
2020-07-18,1,39,21004
2020-07-19,1,207,29946
2020-07-20,3,244,64608
2020-07-21,3,199,62995
2020-07-22,2,65,40500
2020-07-23,1,66,19170
2020-07-24,1,255,41961
2020-07-25,1,58,21594
2020-07-26,1,111,17690
2020-07-27,3,263,54030
2020-07-28,3,195,52649
2020-07-29,2,214,45208
2020-07-30,3,83,55105
2020-07-31,2,145,41854
2020-08-01,1,141,23581
2020-08-02,1,154,23007
2020-08-03,4,297,80410
2020-08-04,2,100,38357
2020-08-05,3,168,62656
2020-08-06,2,81,43010
2020-08-07,1,178,25837
2020-08-08,1,189,25713
2020-08-09,1,313,33346
2020-08-10,2,276,47835
2020-08-11,2,153,42407
2020-08-12,3,195,63205
2020-08-13,2,263,45511
2020-08-14,2,163,44030
2020-08-15,1,46,25833
2020-08-16,1,59,25866
2020-08-17,3,323,74891
2020-08-18,2,60,40742
2020-08-19,1,24,21709
2020-08-20,2,164,50597
2020-08-21,2,122,42268
2020-08-22,1,147,26625
2020-08-23,1,129,25317
2020-08-24,3,345,70248
2020-08-25,2,120,42140
2020-08-26,2,201,49406
2020-08-27,2,199,51834
2020-08-28,1,192,36581
2020-08-29,1,42,27265
2020-08-30,1,162,30360
2020-08-31,2,85,39736
2020-09-01,3,95,65172
2020-09-02,2,242,36938
2020-09-03,1,61,29289
2020-09-04,2,185,49996
2020-09-05,1,176,32353
2020-09-06,1,101,25616
2020-09-07,2,104,45591
2020-09-08,2,511,53498
2020-09-09,2,77,41711
2020-09-10,2,248,55854
2020-09-11,2,171,54372
2020-09-12,1,106,28385
2020-09-13,1,430,57353
2020-09-14,3,325,73808
2020-09-15,2,264,50305
2020-09-16,2,304,53299
2020-09-17,2,183,54135
2020-09-18,1,104,28464
2020-09-19,1,275,23089
2020-09-20,1,43,24936
2020-09-21,2,76,39793
2020-09-22,3,87,66365
2020-09-23,2,94,43406
2020-09-24,2,62,42884
2020-09-25,1,94,26633
2020-09-26,1,199,32803
2020-09-27,1,151,25983
2020-09-28,3,180,61021
2020-09-29,2,94,41150
2020-09-30,2,79,38162
2020-10-01,3,171,68306
2020-10-02,1,292,32622
2020-10-03,1,79,27286
2020-10-04,1,139,30085
2020-10-05,2,116,46159
2020-10-06,3,276,74101
2020-10-07,2,348,52836
2020-10-08,2,71,45382
2020-10-09,2,112,45639
2020-10-10,1,197,41561
2020-10-11,1,287,41508
2020-10-12,3,156,65312
2020-10-13,2,281,52016
2020-10-14,2,165,51840
2020-10-15,2,69,49172
2020-10-16,2,165,50076
2020-10-17,1,405,40604
2020-10-18,1,652,73267
2020-10-19,3,471,98007
2020-10-20,2,238,50989
2020-10-21,2,164,55887
2020-10-22,2,187,58678
2020-10-23,2,596,79656
2020-10-24,1,47,30032
2020-10-25,1,111,31947
2020-10-26,2,188,59459
2020-10-27,2,366,73241
2020-10-28,2,193,70805
2020-10-29,2,347,84055
2020-10-30,1,148,53828
2020-10-31,1,62,51938
2020-11-02,3,789,236365
2020-11-12,2,139,56343
2020-11-13,1,37,27794
2020-11-14,1,52,25913
2020-11-15,1,98,26635
2020-11-16,3,430,85752
2020-11-17,2,172,51935
2020-11-18,1,66,22829
2020-11-19,2,65,40722
2020-11-20,3,289,84164
2020-11-21,1,139,34942
2020-11-22,1,456,41917
2020-11-23,3,113,74580
2020-11-24,2,82,47614
2020-11-25,2,113,53439
2020-11-26,2,291,67087
2020-11-27,1,30,27982
2020-11-28,1,83,29378
2020-11-29,1,347,51340
2020-11-30,3,286,99028
2020-12-01,2,117,58777
2020-12-02,2,140,54886
2020-12-03,3,302,95648
2020-12-04,2,525,78620
2020-12-05,1,115,35975
2020-12-06,1,114,35462
2020-12-07,2,145,55206
2020-12-08,2,249,60025
2020-12-09,3,153,89221
2020-12-10,1,96,37282
2020-12-11,1,64,33448
2020-12-12,1,55,40755
2020-12-13,1,129,31085
2020-12-14,3,280,89555
2020-12-15,2,330,65765
2020-12-16,2,132,62706
2020-12-17,2,241,67410
2020-12-18,2,209,68676
2020-12-19,1,117,37867
2020-12-20,1,48,39372
2020-12-21,1,103,34439
2020-12-22,2,126,57433
2020-12-23,3,140,79758
2020-12-24,2,119,59353
2020-12-25,2,149,64877
2020-12-26,1,46,32350
2020-12-27,1,42,33095
2020-12-28,3,136,79073
2020-12-29,2,198,64784
2020-12-30,3,354,117475
2020-12-31,2,206,77870
2021-01-02,1,135,48304
2021-01-04,1,103,36171
2021-01-06,1,43,34162
2021-01-08,2,120,58781
2021-01-10,1,57,34643
2021-01-11,2,169,54001
2021-01-12,3,198,72842
2021-01-13,2,299,59302
2021-01-15,4,220,99495
2021-01-16,1,157,39668
2021-01-17,1,411,44612
2021-01-18,3,235,78078
2021-01-19,2,97,47166
2021-01-20,2,111,46991
2021-01-21,2,312,63178
2021-01-22,2,352,74594
2021-01-23,1,113,36739
2021-01-25,2,110,54466
2021-01-26,2,486,66724
2021-01-27,2,207,54749
2021-01-29,3,356,76987
2021-01-30,2,386,56322
2021-01-31,1,83,28748
2021-02-01,3,97,70262
2021-02-02,2,151,51073
2021-02-03,2,153,53134
2021-02-04,2,211,55892
2021-02-05,1,65,27650
2021-02-06,1,187,35213
2021-02-07,1,275,42166
2021-02-08,3,131,72308
2021-02-09,2,365,53673
2021-02-10,1,75,24980
2021-02-11,2,141,46681
2021-02-12,2,251,53730
2021-02-13,1,124,38399
2021-02-14,1,79,22903
2021-02-15,3,88,66343
2021-02-16,2,86,35953
2021-02-17,2,142,52812
2021-02-18,3,106,58885
2021-02-19,3,207,70288
2021-02-20,2,259,58596
2021-02-21,1,166,31721
2021-02-22,3,120,66561
2021-02-23,1,23,22083
2021-02-24,3,89,74921
2021-02-25,2,150,48417
2021-02-26,2,67,47163
2021-02-27,1,251,36408
2021-02-28,3,123,71305
2021-03-01,2,58,42723
2021-03-02,2,119,47413
2021-03-03,2,118,39607
2021-03-04,2,332,53063
2021-03-05,3,158,66732
2021-03-06,1,132,26351
2021-03-07,1,75,24133
2021-03-08,3,143,61670
2021-03-09,3,109,60865
2021-03-10,1,69,21319
2021-03-11,3,91,60840
2021-03-12,2,62,42582
2021-03-14,1,34,21070
2021-03-15,3,86,58460
2021-03-16,2,149,38814
2021-03-17,2,102,36371
2021-03-18,3,181,64949
2021-03-19,3,105,63612
2021-03-20,1,86,25160
2021-03-21,1,115,24695
2021-03-22,4,285,82822
2021-03-23,1,37,21600
2021-03-24,3,99,57987
2021-03-25,2,87,41284
2021-03-26,2,130,45677
2021-03-27,1,130,28954
2021-03-28,1,62,23959
2021-03-29,1,40,24811
2021-03-30,2,44,39788
2021-03-31,2,272,49543
2021-04-01,3,158,59613
2021-04-02,1,26,19666
2021-04-03,2,196,44599
2021-04-04,1,46,20810
2021-04-05,3,145,53923
2021-04-06,4,256,79948
2021-04-07,2,112,39413
2021-04-08,2,135,39874
2021-04-09,2,92,91220
2021-04-10,1,34,18747
2021-04-11,1,35,20873
2021-04-12,3,192,55493
2021-04-13,3,258,55543
2021-04-14,3,350,60619
2021-04-15,2,58,33165
2021-04-16,2,104,30258
2021-04-17,4,287,80459
2021-04-18,2,164,53126
2021-04-19,3,130,57717
2021-04-20,3,223,62940
2021-04-21,3,167,61380
2021-04-22,3,349,131936
2021-04-23,2,49,38354
2021-04-24,1,128,33591
2021-04-25,1,143,26078
2021-04-26,2,111,41266
2021-04-27,2,197,45413
2021-04-28,1,44,21197
2021-04-29,3,148,59557
2021-04-30,1,164,32651
2021-05-01,1,57,20778
2021-05-02,1,124,25524
2021-05-03,3,172,65818
2021-05-04,1,26,21454
2021-05-05,3,110,64125
2021-05-06,3,188,70521
2021-05-07,1,95,28497
2021-05-08,1,135,34046
2021-05-09,1,93,25475
2021-05-10,2,86,45995
2021-05-11,2,75,40611
2021-05-12,1,142,22207
2021-05-13,2,148,41708
2021-05-14,1,30,23658
2021-05-15,1,150,42502
2021-05-16,1,78,25199
2021-05-17,3,165,59325
2021-05-18,2,60,37430
2021-05-19,4,116,66241
2021-05-20,3,134,57783
2021-05-21,2,101,38448
2021-05-22,2,152,46480
2021-05-23,1,66,22402
2021-05-24,3,126,64628
2021-05-25,2,81,40252
2021-05-26,1,29,20166
2021-05-27,2,79,43225
2021-05-28,1,52,20670
2021-05-29,1,87,25502
2021-05-30,1,113,28727
2021-05-31,4,166,78933
2021-06-01,2,129,44622
2021-06-02,1,24,18978
2021-06-03,2,134,42987
2021-06-04,2,110,92750
2021-06-05,1,40,21174
2021-06-06,1,49,24056
2021-06-07,4,106,70620
2021-06-08,1,26,17134
2021-06-09,3,96,55669
2021-06-10,2,59,35615
2021-06-11,2,106,42289
2021-06-12,1,36,20846
2021-06-13,1,42,22370
2021-06-14,2,62,41366
2021-06-15,2,110,38977
2021-06-16,3,73,50451
2021-06-17,3,84,52298
2021-06-18,2,66,38922
2021-06-19,1,51,22575
2021-06-20,1,120,28553
2021-06-21,3,107,57878
2021-06-22,2,87,33334
2021-06-23,2,111,42754
2021-06-24,1,20,17969
2021-06-25,3,112,51340
2021-06-26,1,71,26980
2021-06-27,1,105,29304
2021-06-28,3,124,57563
2021-06-29,3,74,44014
2021-06-30,3,82,97788
2021-07-01,4,184,174122
2021-07-02,2,61,50276
2021-07-03,1,21,18203
2021-07-04,1,32,18674
2021-07-05,3,111,101926
2021-07-06,1,48,17091
2021-07-07,2,55,34470
2021-07-08,3,252,87871
2021-07-09,2,62,34087
2021-07-10,1,56,33169
2021-07-11,3,106,67530
2021-07-12,4,140,105871
2021-07-13,1,27,16180
2021-07-14,2,49,30895
2021-07-15,4,94,57552
2021-07-16,4,106,63274
2021-07-17,2,390,57375
2021-07-18,1,28,22934
2021-07-19,3,129,72664
2021-07-20,2,101,84150
2021-07-21,2,51,35666
2021-07-22,3,116,68881
2021-07-23,1,16,16760
2021-07-24,1,280,25267
2021-07-25,2,294,71402
2021-07-26,1,57,20974
2021-07-27,2,44,85266
2021-07-28,2,69,41494
2021-07-29,1,16,16630
2021-07-30,5,204,99823
2021-07-31,2,64,51021
2021-08-01,2,154,63195
2021-08-02,3,84,75503
2021-08-03,5,110,68703
2021-08-04,1,60,32095
2021-08-05,3,53,42922
2021-08-06,2,42,42512
2021-08-07,1,24,18451
2021-08-08,2,103,36401
2021-08-09,3,105,48086
2021-08-10,3,162,57142
2021-08-11,4,85,67486
2021-08-12,2,62,47991
2021-08-13,2,71,34576
2021-08-14,1,126,26337
2021-08-16,5,203,77146
2021-08-17,2,50,33313
2021-08-18,3,89,41993
2021-08-19,1,446,55487
2021-08-20,4,281,79220
2021-08-21,1,105,21805
2021-08-23,3,232,60973
2021-08-25,1,50,17843
2021-08-26,3,313,1105673
2021-08-27,2,73,40993
2021-08-28,1,173,25188
2021-08-30,2,43,29848
2021-08-31,4,206,65379
2021-09-01,2,145,36532
2021-09-02,1,60,83727
2021-09-03,2,55,38979
2021-09-04,1,25,18743
2021-09-06,4,131,59495
2021-09-07,2,74,35623
2021-09-08,3,102,55752
2021-09-09,1,56,20996
2021-09-11,1,38,20612
2021-09-12,1,43,18298
2021-09-13,1,20,20099
2021-09-14,3,341,75371
2021-09-15,2,65,137765
2021-09-16,1,70,20126
2021-09-17,1,39,19441
2021-09-18,1,47,19936
2021-09-19,1,79,21306
2021-09-20,2,77,37734
2021-09-22,4,130,61438
2021-09-23,3,64,48544
2021-09-24,1,63,18704
2021-09-25,2,225,41817
2021-09-26,1,38,15222
2021-09-27,3,235,57170
2021-09-28,4,402,209488
2021-09-29,2,239,32637
2021-09-30,3,280,35560
2021-10-01,3,370,44621
2021-10-02,1,312,22610
2021-10-03,1,50,24711
2021-10-04,5,964,138601
2021-10-05,3,298,51526
2021-10-06,2,527,43098
2021-10-07,2,64,32858
2021-10-09,2,569,50523
2021-10-10,1,54,20326
2021-10-11,2,51,32142
2021-10-12,2,51,32776
2021-10-13,2,520,47537
2021-10-14,1,25,18563
2021-10-15,2,25,41073
2021-10-16,1,44,24960
2021-10-17,1,64,22301
2021-10-18,1,18,21036
2021-10-20,3,51,47606
2021-10-21,3,111,53315
2021-10-22,2,743,46071
2021-10-23,1,104,23969
2021-10-24,1,18,19436
2021-10-25,2,42,33705
2021-10-26,1,33,16193
2021-10-27,3,673,61925
2021-10-28,4,587,73547
2021-10-29,4,1044,85915
2021-10-30,1,40,18316
2021-10-31,1,47,22159
2021-11-01,2,435,80176
2021-11-02,2,434,42131
2021-11-03,2,440,45320
2021-11-04,2,30,29899
2021-11-05,2,84,41026
2021-11-06,1,26,19018
2021-11-07,2,71,36631
2021-11-08,1,22,19037
2021-11-09,2,36,34054
2021-11-10,1,916,45584
2021-11-11,1,59,22396
2021-11-12,1,18,17469
2021-11-13,1,32,21896
2021-11-14,1,39,22527
2021-11-15,2,76,39711
2021-11-16,1,439,45919
2021-11-17,1,8,17098
2021-11-18,3,322,73087
2021-11-19,2,64,38558
2021-11-20,1,18,23927
2021-11-21,1,73,33804
2021-11-22,2,668,68012
2021-11-23,1,29,17488
2021-11-24,1,22,18073
2021-11-25,1,55,18292
2021-11-26,2,45,39242
2021-11-27,1,81,26693
2021-11-28,1,29,19846
2021-11-29,1,27,20158
2021-11-30,1,471,39897
2021-12-01,1,18,13337
2021-12-02,3,59,43984
2021-12-03,2,50,33182
2021-12-04,1,69,20566
2021-12-05,1,36,17620
2021-12-06,2,64,42235
2021-12-07,1,57,16549
2021-12-08,1,34,22060
2021-12-09,1,41,19210
2021-12-10,1,67,15189
2021-12-11,1,342,34690
2021-12-12,2,41,29938
2021-12-13,2,62,40619
2021-12-14,2,52,26217
2021-12-15,3,81,42798
2021-12-16,2,25,26472
2021-12-17,2,38,30082
2021-12-18,2,50,30804
2021-12-19,1,223,30985
2021-12-20,1,36,16769
2021-12-21,2,51,28068
2021-12-22,1,14,14533
2021-12-23,2,43,26967
2021-12-24,3,74,43130
2021-12-25,2,48,30255
2021-12-26,1,46,21046
2021-12-27,2,47,29379
2021-12-28,3,81,52329
2021-12-29,1,103,24419
2021-12-31,1,87,21783
2022-01-02,1,26,17319
